{
  "study_agent": "value_based_deep",
  "seed": 2,
  "pool_agent": "cfr",
  "chips_per_round": -0.0751,
  "ci_95_low": -0.144905,
  "ci_95_high": -0.0029975000000000136,
  "cold_mean": -0.053,
  "warm_mean": -0.080625,
  "n_hands": 10000
}