{
  "study_agent": "value_based_deep",
  "seed": 2,
  "pool_agent": "reinforce_v2",
  "chips_per_round": -0.1553,
  "ci_95_low": -0.257015,
  "ci_95_high": -0.052390000000000055,
  "cold_mean": -0.147,
  "warm_mean": -0.157375,
  "n_hands": 10000
}