{
  "study_agent": "value_based_deep",
  "seed": 2,
  "pool_agent": "tight_aggressive",
  "chips_per_round": 0.4054,
  "ci_95_low": 0.33079749999999997,
  "ci_95_high": 0.4858199999999999,
  "cold_mean": 0.3,
  "warm_mean": 0.43175,
  "n_hands": 10000
}