{
  "study_agent": "value_based_pool",
  "seed": 0,
  "pool_agent": "dqn_v2",
  "chips_per_round": -0.4694,
  "ci_95_low": -0.554305,
  "ci_95_high": -0.38849000000000006,
  "cold_mean": -0.4485,
  "warm_mean": -0.474625,
  "n_hands": 10000
}