{
  "study_agent": "value_based_pool",
  "seed": 0,
  "pool_agent": "heuristic",
  "chips_per_round": 0.6124,
  "ci_95_low": 0.520485,
  "ci_95_high": 0.6997049999999999,
  "cold_mean": 0.7025,
  "warm_mean": 0.589875,
  "n_hands": 10000
}