{
  "study_agent": "value_based_pool",
  "seed": 0,
  "pool_agent": "reinforce_v2",
  "chips_per_round": -0.4831,
  "ci_95_low": -0.5693050000000001,
  "ci_95_high": -0.4023825000000001,
  "cold_mean": -0.423,
  "warm_mean": -0.498125,
  "n_hands": 10000
}