{
  "study_agent": "full_modulation_deep",
  "seed": 1,
  "pool_agent": "loose_passive",
  "chips_per_round": 0.3193,
  "ci_95_low": 0.24529499999999999,
  "ci_95_high": 0.39012249999999987,
  "cold_mean": 0.194,
  "warm_mean": 0.350625,
  "n_hands": 10000
}