{
  "study_agent": "scratch_joint",
  "seed": 0,
  "pool_agent": "tight_aggressive",
  "chips_per_round": 0.3415,
  "ci_95_low": 0.26019749999999997,
  "ci_95_high": 0.42291499999999993,
  "cold_mean": 0.567,
  "warm_mean": 0.285125,
  "n_hands": 10000
}