{
  "study_agent": "finetuned_base",
  "seed": 0,
  "pool_agent": "adaptive_value",
  "chips_per_round": -0.1626,
  "ci_95_low": -0.23870249999999998,
  "ci_95_high": -0.08815000000000027,
  "cold_mean": -0.252,
  "warm_mean": -0.14025,
  "n_hands": 10000
}