{
  "study_agent": "finetuned_base",
  "seed": 0,
  "pool_agent": "cfr",
  "chips_per_round": -0.0749,
  "ci_95_low": -0.1492025,
  "ci_95_high": -0.00029750000000001363,
  "cold_mean": -0.0635,
  "warm_mean": -0.07775,
  "n_hands": 10000
}