{
  "study_agent": "finetuned_base",
  "seed": 0,
  "pool_agent": "heuristic",
  "chips_per_round": 0.7926,
  "ci_95_low": 0.6847975,
  "ci_95_high": 0.8986124999999999,
  "cold_mean": 0.638,
  "warm_mean": 0.83125,
  "n_hands": 10000
}