{
  "study_agent": "finetuned_base",
  "seed": 0,
  "pool_agent": "opp_encoder_v1",
  "chips_per_round": -0.2438,
  "ci_95_low": -0.3056025,
  "ci_95_high": -0.18209500000000003,
  "cold_mean": -0.1325,
  "warm_mean": -0.271625,
  "n_hands": 10000
}