{
  "study_agent": "finetuned_base",
  "seed": 0,
  "pool_agent": "random",
  "chips_per_round": 1.423,
  "ci_95_low": 1.3476849999999998,
  "ci_95_high": 1.493225,
  "cold_mean": 1.4595,
  "warm_mean": 1.413875,
  "n_hands": 10000
}