{
  "study_agent": "dqn_v3",
  "seed": 0,
  "pool_agent": "actor_critic_v3",
  "chips_per_round": 0.3755,
  "ci_95_low": 0.2699925,
  "ci_95_high": 0.48560249999999994,
  "cold_mean": 0.5305,
  "warm_mean": 0.33675,
  "n_hands": 10000
}