{
  "study_agent": "dqn_v3",
  "seed": 0,
  "pool_agent": "cfr",
  "chips_per_round": -0.0334,
  "ci_95_low": -0.1142,
  "ci_95_high": 0.03873749999999979,
  "cold_mean": 0.0305,
  "warm_mean": -0.049375,
  "n_hands": 10000
}