{
  "study_agent": "dqn_v3",
  "seed": 0,
  "pool_agent": "dqn_v3",
  "chips_per_round": 0.0407,
  "ci_95_low": -0.0457025,
  "ci_95_high": 0.12260249999999999,
  "cold_mean": 0.064,
  "warm_mean": 0.034875,
  "n_hands": 10000
}