{
  "study_agent": "dqn_v3",
  "seed": 0,
  "pool_agent": "dqn_v2",
  "chips_per_round": -0.5077,
  "ci_95_low": -0.5939,
  "ci_95_high": -0.4161875000000001,
  "cold_mean": -0.401,
  "warm_mean": -0.534375,
  "n_hands": 10000
}