{
  "study_agent": "dqn_v3",
  "seed": 0,
  "pool_agent": "reinforce_v3",
  "chips_per_round": -0.1132,
  "ci_95_low": -0.215215,
  "ci_95_high": -0.013485000000000082,
  "cold_mean": 0.0235,
  "warm_mean": -0.147375,
  "n_hands": 10000
}