{
  "study_agent": "dqn_v3",
  "seed": 0,
  "pool_agent": "tight_aggressive",
  "chips_per_round": 0.5746,
  "ci_95_low": 0.4943925,
  "ci_95_high": 0.6535124999999999,
  "cold_mean": 0.533,
  "warm_mean": 0.585,
  "n_hands": 10000
}