{
  "study_agent": "actor_critic_v2",
  "seed": 1,
  "pool_agent": "actor_critic_v2",
  "chips_per_round": 0.0544,
  "ci_95_low": -0.06631999999999999,
  "ci_95_high": 0.16930749999999997,
  "cold_mean": 0.14,
  "warm_mean": 0.033,
  "n_hands": 10000
}