{
  "study_agent": "actor_critic_v2",
  "seed": 1,
  "pool_agent": "cfr",
  "chips_per_round": -0.442,
  "ci_95_low": -0.527815,
  "ci_95_high": -0.35559750000000007,
  "cold_mean": -0.395,
  "warm_mean": -0.45375,
  "n_hands": 10000
}