{
  "study_agent": "actor_critic_v2",
  "seed": 1,
  "pool_agent": "heuristic",
  "chips_per_round": -0.1565,
  "ci_95_low": -0.2732025,
  "ci_95_high": -0.03879250000000004,
  "cold_mean": -0.2675,
  "warm_mean": -0.12875,
  "n_hands": 10000
}