{
  "study_agent": "actor_critic_v2",
  "seed": 1,
  "pool_agent": "loose_passive",
  "chips_per_round": 0.0853,
  "ci_95_low": 0.0059925,
  "ci_95_high": 0.16910749999999997,
  "cold_mean": 0.0545,
  "warm_mean": 0.093,
  "n_hands": 10000
}