{
  "study_agent": "actor_critic_v2",
  "seed": 1,
  "pool_agent": "loose_aggressive",
  "chips_per_round": 0.1598,
  "ci_95_low": 0.016195,
  "ci_95_high": 0.31210249999999995,
  "cold_mean": 0.3775,
  "warm_mean": 0.105375,
  "n_hands": 10000
}