{
  "study_agent": "actor_critic_v2",
  "seed": 1,
  "pool_agent": "maniac",
  "chips_per_round": 1.0325,
  "ci_95_low": 0.8751774999999999,
  "ci_95_high": 1.184305,
  "cold_mean": 0.95,
  "warm_mean": 1.053125,
  "n_hands": 10000
}