{
  "study_agent": "actor_critic_v2",
  "seed": 1,
  "pool_agent": "tight_passive",
  "chips_per_round": -0.0064,
  "ci_95_low": -0.06320250000000001,
  "ci_95_high": 0.05300749999999996,
  "cold_mean": 0.008,
  "warm_mean": -0.01,
  "n_hands": 10000
}