{
  "study_agent": "actor_critic_v2",
  "seed": 1,
  "pool_agent": "tight_aggressive",
  "chips_per_round": -0.4195,
  "ci_95_low": -0.5220075000000001,
  "ci_95_high": -0.32439500000000004,
  "cold_mean": -0.4985,
  "warm_mean": -0.39975,
  "n_hands": 10000
}