{
  "study_agent": "finetuned_base",
  "seed": 2,
  "pool_agent": "cfr",
  "chips_per_round": -0.114,
  "ci_95_low": -0.18361750000000002,
  "ci_95_high": -0.03939750000000001,
  "cold_mean": -0.131,
  "warm_mean": -0.10975,
  "n_hands": 10000
}