{
  "study_agent": "finetuned_base",
  "seed": 2,
  "pool_agent": "dqn_v2",
  "chips_per_round": 0.2898,
  "ci_95_low": 0.20909250000000001,
  "ci_95_high": 0.3763025,
  "cold_mean": 0.2215,
  "warm_mean": 0.306875,
  "n_hands": 10000
}