{
  "study_agent": "finetuned_base",
  "seed": 2,
  "pool_agent": "dqn",
  "chips_per_round": 0.7936,
  "ci_95_low": 0.7179975,
  "ci_95_high": 0.8689049999999999,
  "cold_mean": 0.7775,
  "warm_mean": 0.797625,
  "n_hands": 10000
}