{
  "study_agent": "finetuned_base",
  "seed": 2,
  "pool_agent": "random",
  "chips_per_round": 1.5269,
  "ci_95_low": 1.4554975,
  "ci_95_high": 1.5996024999999998,
  "cold_mean": 1.7165,
  "warm_mean": 1.4795,
  "n_hands": 10000
}