{
  "study_agent": "full_modulation_deep",
  "seed": 0,
  "pool_agent": "cfr",
  "chips_per_round": -0.0611,
  "ci_95_low": -0.1323025,
  "ci_95_high": 0.014004999999999972,
  "cold_mean": -0.0785,
  "warm_mean": -0.05675,
  "n_hands": 10000
}