{
  "study_agent": "full_modulation_deep",
  "seed": 2,
  "pool_agent": "loose_aggressive",
  "chips_per_round": 0.7615,
  "ci_95_low": 0.6213749999999999,
  "ci_95_high": 0.8934149999999998,
  "cold_mean": 0.785,
  "warm_mean": 0.755625,
  "n_hands": 10000
}