{
  "study_agent": "reinforce_v3",
  "seed": 0,
  "pool_agent": "actor_critic_v3",
  "chips_per_round": 0.2601,
  "ci_95_low": 0.1454925,
  "ci_95_high": 0.3729424999999998,
  "cold_mean": 0.1885,
  "warm_mean": 0.278,
  "n_hands": 10000
}