{
  "study_agent": "reinforce_v3",
  "seed": 0,
  "pool_agent": "cfr",
  "chips_per_round": 0.0447,
  "ci_95_low": -0.0508075,
  "ci_95_high": 0.13550999999999996,
  "cold_mean": -0.0795,
  "warm_mean": 0.07575,
  "n_hands": 10000
}