{
  "study_agent": "reinforce_v3",
  "seed": 0,
  "pool_agent": "dqn_v3",
  "chips_per_round": 0.0732,
  "ci_95_low": -0.031715,
  "ci_95_high": 0.18080749999999995,
  "cold_mean": -0.1,
  "warm_mean": 0.1165,
  "n_hands": 10000
}