{
  "study_agent": "reinforce_v3",
  "seed": 0,
  "pool_agent": "loose_aggressive",
  "chips_per_round": 0.5095,
  "ci_95_low": 0.367395,
  "ci_95_high": 0.6542149999999999,
  "cold_mean": 0.597,
  "warm_mean": 0.487625,
  "n_hands": 10000
}