{
  "study_agent": "reinforce_v3",
  "seed": 0,
  "pool_agent": "loose_passive",
  "chips_per_round": -0.1185,
  "ci_95_low": -0.2099025,
  "ci_95_high": -0.021375000000000137,
  "cold_mean": -0.0755,
  "warm_mean": -0.12925,
  "n_hands": 10000
}