{
  "study_agent": "reinforce_v3",
  "seed": 0,
  "pool_agent": "random",
  "chips_per_round": 1.6744,
  "ci_95_low": 1.59449,
  "ci_95_high": 1.7617224999999999,
  "cold_mean": 1.803,
  "warm_mean": 1.64225,
  "n_hands": 10000
}