{
  "study_agent": "value_based_pool",
  "seed": 2,
  "pool_agent": "cfr",
  "chips_per_round": -0.1342,
  "ci_95_low": -0.20191,
  "ci_95_high": -0.0626825000000001,
  "cold_mean": -0.2205,
  "warm_mean": -0.112625,
  "n_hands": 10000
}