{
  "study_agent": "value_based_pool",
  "seed": 2,
  "pool_agent": "opp_encoder_v1",
  "chips_per_round": -0.1272,
  "ci_95_low": -0.18180249999999998,
  "ci_95_high": -0.07469500000000003,
  "cold_mean": -0.0575,
  "warm_mean": -0.144625,
  "n_hands": 10000
}