{
  "study_agent": "value_based_pool",
  "seed": 2,
  "pool_agent": "tight_passive",
  "chips_per_round": 0.1526,
  "ci_95_low": 0.09749000000000001,
  "ci_95_high": 0.2076025,
  "cold_mean": 0.2195,
  "warm_mean": 0.135875,
  "n_hands": 10000
}