{
  "study_agent": "state_only",
  "seed": 0,
  "pool_agent": "actor_critic_v2",
  "chips_per_round": 0.5243,
  "ci_95_low": 0.440185,
  "ci_95_high": 0.6063174999999998,
  "cold_mean": 0.54,
  "warm_mean": 0.520375,
  "n_hands": 10000
}