{
  "study_agent": "state_only",
  "seed": 0,
  "pool_agent": "dqn_v2",
  "chips_per_round": 0.0925,
  "ci_95_low": 0.0123925,
  "ci_95_high": 0.17555499999999968,
  "cold_mean": 0.196,
  "warm_mean": 0.066625,
  "n_hands": 10000
}