{
  "study_agent": "state_only",
  "seed": 0,
  "pool_agent": "maniac",
  "chips_per_round": 1.7001,
  "ci_95_low": 1.5777925000000002,
  "ci_95_high": 1.8307175,
  "cold_mean": 1.8145,
  "warm_mean": 1.6715,
  "n_hands": 10000
}