{
  "study_agent": "state_only",
  "seed": 0,
  "pool_agent": "opp_encoder_v1",
  "chips_per_round": -0.2326,
  "ci_95_low": -0.2912075,
  "ci_95_high": -0.17529500000000003,
  "cold_mean": -0.264,
  "warm_mean": -0.22475,
  "n_hands": 10000
}