{
  "study_agent": "state_only",
  "seed": 0,
  "pool_agent": "random",
  "chips_per_round": 1.556,
  "ci_95_low": 1.4911975000000002,
  "ci_95_high": 1.6243075,
  "cold_mean": 1.409,
  "warm_mean": 1.59275,
  "n_hands": 10000
}