{
  "study_agent": "value_based_deep",
  "seed": 0,
  "pool_agent": "actor_critic_v2",
  "chips_per_round": 0.3935,
  "ci_95_low": 0.297475,
  "ci_95_high": 0.48844499999999974,
  "cold_mean": 0.352,
  "warm_mean": 0.403875,
  "n_hands": 10000
}