{
  "study_agent": "value_based_deep",
  "seed": 0,
  "pool_agent": "adaptive_value",
  "chips_per_round": -0.0498,
  "ci_95_low": -0.1221075,
  "ci_95_high": 0.02390749999999996,
  "cold_mean": 0.0135,
  "warm_mean": -0.065625,
  "n_hands": 10000
}