{
  "study_agent": "value_based_deep",
  "seed": 0,
  "pool_agent": "actor_critic",
  "chips_per_round": 0.7904,
  "ci_95_low": 0.7112850000000001,
  "ci_95_high": 0.8671099999999999,
  "cold_mean": 0.8785,
  "warm_mean": 0.768375,
  "n_hands": 10000
}