{
  "study_agent": "value_based_deep",
  "seed": 0,
  "pool_agent": "cfr",
  "chips_per_round": -0.0595,
  "ci_95_low": -0.1240025,
  "ci_95_high": 0.0068049999999999725,
  "cold_mean": -0.1465,
  "warm_mean": -0.03775,
  "n_hands": 10000
}