{
  "study_agent": "value_based_deep",
  "seed": 0,
  "pool_agent": "dqn",
  "chips_per_round": 0.7163,
  "ci_95_low": 0.632575,
  "ci_95_high": 0.7957149999999998,
  "cold_mean": 0.582,
  "warm_mean": 0.749875,
  "n_hands": 10000
}