{
  "study_agent": "value_based_deep",
  "seed": 0,
  "pool_agent": "dqn_v2",
  "chips_per_round": -0.4191,
  "ci_95_low": -0.505115,
  "ci_95_high": -0.33749500000000004,
  "cold_mean": -0.3625,
  "warm_mean": -0.43325,
  "n_hands": 10000
}