{
  "study_agent": "value_based_deep",
  "seed": 0,
  "pool_agent": "heuristic",
  "chips_per_round": 0.3255,
  "ci_95_low": 0.2274775,
  "ci_95_high": 0.41840499999999997,
  "cold_mean": 0.1765,
  "warm_mean": 0.36275,
  "n_hands": 10000
}