{
  "study_agent": "value_based_deep",
  "seed": 0,
  "pool_agent": "reinforce_v2",
  "chips_per_round": -0.0356,
  "ci_95_low": -0.1300075,
  "ci_95_high": 0.06150749999999996,
  "cold_mean": -0.0505,
  "warm_mean": -0.031875,
  "n_hands": 10000
}