{
  "study_agent": "value_based",
  "seed": null,
  "pool_agent": "heuristic",
  "chips_per_round": 0.3054,
  "ci_95_low": 0.20379250000000002,
  "ci_95_high": 0.40370249999999996,
  "cold_mean": 0.239,
  "warm_mean": 0.322,
  "n_hands": 10000
}