{
  "study_agent": "value_based",
  "seed": null,
  "pool_agent": "reinforce",
  "chips_per_round": 2.3776,
  "ci_95_low": 2.2950775,
  "ci_95_high": 2.4591024999999997,
  "cold_mean": 2.3265,
  "warm_mean": 2.390375,
  "n_hands": 10000
}