{
  "study_agent": "cfr",
  "seed": null,
  "pool_agent": "actor_critic_v3",
  "chips_per_round": 0.4489,
  "ci_95_low": 0.36579500000000004,
  "ci_95_high": 0.5314025,
  "cold_mean": 0.4925,
  "warm_mean": 0.438,
  "n_hands": 10000
}