{
  "study_agent": "cfr",
  "seed": null,
  "pool_agent": "dqn_v3",
  "chips_per_round": 0.05,
  "ci_95_low": -0.027804999999999996,
  "ci_95_high": 0.12630749999999996,
  "cold_mean": -0.0225,
  "warm_mean": 0.068125,
  "n_hands": 10000
}