{
  "study_agent": "cfr",
  "seed": null,
  "pool_agent": "heuristic",
  "chips_per_round": 0.1491,
  "ci_95_low": 0.06419749999999999,
  "ci_95_high": 0.23190499999999997,
  "cold_mean": 0.1365,
  "warm_mean": 0.15225,
  "n_hands": 10000
}