{
  "study_agent": "cfr",
  "seed": null,
  "pool_agent": "loose_passive",
  "chips_per_round": 0.1402,
  "ci_95_low": 0.0716975,
  "ci_95_high": 0.21350249999999998,
  "cold_mean": 0.1195,
  "warm_mean": 0.145375,
  "n_hands": 10000
}