{
  "study_agent": "cfr",
  "seed": null,
  "pool_agent": "maniac",
  "chips_per_round": 0.2822,
  "ci_95_low": 0.16459,
  "ci_95_high": 0.4044149999999999,
  "cold_mean": 0.2835,
  "warm_mean": 0.281875,
  "n_hands": 10000
}