{
  "study_agent": "cfr",
  "seed": null,
  "pool_agent": "opp_encoder_v1",
  "chips_per_round": 0.0391,
  "ci_95_low": -0.0119025,
  "ci_95_high": 0.09270499999999998,
  "cold_mean": 0.0765,
  "warm_mean": 0.02975,
  "n_hands": 10000
}