{
  "study_agent": "cfr",
  "seed": null,
  "pool_agent": "reinforce_v2",
  "chips_per_round": -0.0071,
  "ci_95_low": -0.09903,
  "ci_95_high": 0.0887199999999999,
  "cold_mean": -0.096,
  "warm_mean": 0.015125,
  "n_hands": 10000
}