{
  "study_agent": "cfr",
  "seed": null,
  "pool_agent": "tight_aggressive",
  "chips_per_round": 0.0337,
  "ci_95_low": -0.037602500000000004,
  "ci_95_high": 0.10521749999999991,
  "cold_mean": 0.096,
  "warm_mean": 0.018125,
  "n_hands": 10000
}