{
  "study_agent": "state_only",
  "seed": 1,
  "pool_agent": "adaptive_value",
  "chips_per_round": -0.2127,
  "ci_95_low": -0.2845025,
  "ci_95_high": -0.14089500000000002,
  "cold_mean": -0.1405,
  "warm_mean": -0.23075,
  "n_hands": 10000
}