{
  "study_agent": "state_only",
  "seed": 1,
  "pool_agent": "dqn",
  "chips_per_round": 0.8214,
  "ci_95_low": 0.7452924999999999,
  "ci_95_high": 0.8966,
  "cold_mean": 0.762,
  "warm_mean": 0.83625,
  "n_hands": 10000
}