{
  "study_agent": "state_only",
  "seed": 1,
  "pool_agent": "maniac",
  "chips_per_round": 1.366,
  "ci_95_low": 1.2402849999999999,
  "ci_95_high": 1.485715,
  "cold_mean": 1.4175,
  "warm_mean": 1.353125,
  "n_hands": 10000
}