{
  "study_agent": "state_only",
  "seed": 1,
  "pool_agent": "reinforce_v2",
  "chips_per_round": 0.3434,
  "ci_95_low": 0.2455,
  "ci_95_high": 0.4474349999999998,
  "cold_mean": 0.2305,
  "warm_mean": 0.371625,
  "n_hands": 10000
}