{
  "study_agent": "state_only",
  "seed": 1,
  "pool_agent": "tight_passive",
  "chips_per_round": 0.1449,
  "ci_95_low": 0.101495,
  "ci_95_high": 0.19190249999999998,
  "cold_mean": 0.1105,
  "warm_mean": 0.1535,
  "n_hands": 10000
}