{
  "study_agent": "finetuned_base_only",
  "seed": 1,
  "pool_agent": "cfr",
  "chips_per_round": 0.056,
  "ci_95_low": -0.0199075,
  "ci_95_high": 0.13080499999999998,
  "cold_mean": 0.1535,
  "warm_mean": 0.031625,
  "n_hands": 10000
}