{
  "study_agent": "finetuned_base_only",
  "seed": 1,
  "pool_agent": "dqn",
  "chips_per_round": 0.7755,
  "ci_95_low": 0.6993775,
  "ci_95_high": 0.8530199999999999,
  "cold_mean": 0.543,
  "warm_mean": 0.833625,
  "n_hands": 10000
}