{
  "study_agent": "finetuned_base_only",
  "seed": 1,
  "pool_agent": "maniac",
  "chips_per_round": 1.6818,
  "ci_95_low": 1.5510549999999999,
  "ci_95_high": 1.8227025,
  "cold_mean": 1.8635,
  "warm_mean": 1.636375,
  "n_hands": 10000
}