{
  "study_agent": "finetuned_base_only",
  "seed": 1,
  "pool_agent": "reinforce_v2",
  "chips_per_round": 0.2581,
  "ci_95_low": 0.1526925,
  "ci_95_high": 0.36071999999999993,
  "cold_mean": 0.1845,
  "warm_mean": 0.2765,
  "n_hands": 10000
}