{
  "study_agent": "finetuned_base_only",
  "seed": 2,
  "pool_agent": "actor_critic_v2",
  "chips_per_round": 0.0986,
  "ci_95_low": 0.001482500000000001,
  "ci_95_high": 0.20451249999999993,
  "cold_mean": 0.2435,
  "warm_mean": 0.062375,
  "n_hands": 10000
}