{
  "study_agent": "finetuned_base_only",
  "seed": 2,
  "pool_agent": "cfr",
  "chips_per_round": -0.0447,
  "ci_95_low": -0.11882,
  "ci_95_high": 0.028704999999999974,
  "cold_mean": -0.174,
  "warm_mean": -0.012375,
  "n_hands": 10000
}