{
  "study_agent": "finetuned_base_only",
  "seed": 2,
  "pool_agent": "dqn",
  "chips_per_round": 0.7745,
  "ci_95_low": 0.690285,
  "ci_95_high": 0.8583049999999999,
  "cold_mean": 0.749,
  "warm_mean": 0.780875,
  "n_hands": 10000
}