{
  "study_agent": "finetuned_base_only",
  "seed": 2,
  "pool_agent": "dqn_v2",
  "chips_per_round": 0.4011,
  "ci_95_low": 0.3069,
  "ci_95_high": 0.49520999999999993,
  "cold_mean": 0.508,
  "warm_mean": 0.374375,
  "n_hands": 10000
}