{
  "study_agent": "scratch_joint",
  "seed": 1,
  "pool_agent": "loose_passive",
  "chips_per_round": 0.2385,
  "ci_95_low": 0.1756975,
  "ci_95_high": 0.30321249999999994,
  "cold_mean": 0.09,
  "warm_mean": 0.275625,
  "n_hands": 10000
}