{
  "study_agent": "scratch_joint",
  "seed": 1,
  "pool_agent": "maniac",
  "chips_per_round": 1.3657,
  "ci_95_low": 1.2142899999999999,
  "ci_95_high": 1.519515,
  "cold_mean": 1.367,
  "warm_mean": 1.365375,
  "n_hands": 10000
}