{
  "study_agent": "scratch_joint",
  "seed": 1,
  "pool_agent": "random",
  "chips_per_round": 1.4436,
  "ci_95_low": 1.3599925000000002,
  "ci_95_high": 1.533525,
  "cold_mean": 1.329,
  "warm_mean": 1.47225,
  "n_hands": 10000
}