{
  "study_agent": "full_modulation",
  "seed": 0,
  "pool_agent": "actor_critic_v2",
  "chips_per_round": 0.4726,
  "ci_95_low": 0.38817999999999997,
  "ci_95_high": 0.5571249999999999,
  "cold_mean": 0.5865,
  "warm_mean": 0.444125,
  "n_hands": 10000
}