{
  "study_agent": "full_modulation",
  "seed": 0,
  "pool_agent": "dqn_v2",
  "chips_per_round": 0.108,
  "ci_95_low": 0.0306,
  "ci_95_high": 0.18801499999999993,
  "cold_mean": 0.1935,
  "warm_mean": 0.086625,
  "n_hands": 10000
}