{
  "study_agent": "full_modulation",
  "seed": 0,
  "pool_agent": "random",
  "chips_per_round": 1.5703,
  "ci_95_low": 1.5070925000000002,
  "ci_95_high": 1.6379024999999998,
  "cold_mean": 1.49,
  "warm_mean": 1.590375,
  "n_hands": 10000
}