{
  "study_agent": "full_modulation",
  "seed": 0,
  "pool_agent": "reinforce",
  "chips_per_round": 3.2344,
  "ci_95_low": 3.1588950000000002,
  "ci_95_high": 3.311335,
  "cold_mean": 3.2915,
  "warm_mean": 3.220125,
  "n_hands": 10000
}