{
  "study_agent": "full_modulation",
  "seed": 0,
  "pool_agent": "tight_aggressive",
  "chips_per_round": 0.1098,
  "ci_95_low": 0.029777500000000002,
  "ci_95_high": 0.1912025,
  "cold_mean": -0.0555,
  "warm_mean": 0.151125,
  "n_hands": 10000
}