{
  "study_agent": "full_modulation",
  "seed": 1,
  "pool_agent": "heuristic",
  "chips_per_round": 0.1359,
  "ci_95_low": 0.04479,
  "ci_95_high": 0.23240999999999995,
  "cold_mean": 0.166,
  "warm_mean": 0.128375,
  "n_hands": 10000
}