{
  "study_agent": "full_modulation",
  "seed": 1,
  "pool_agent": "opp_encoder_v1",
  "chips_per_round": -0.2264,
  "ci_95_low": -0.2873075,
  "ci_95_high": -0.16299750000000002,
  "cold_mean": -0.1075,
  "warm_mean": -0.256125,
  "n_hands": 10000
}