{
  "study_agent": "full_modulation",
  "seed": 1,
  "pool_agent": "reinforce_v3",
  "chips_per_round": 0.4096,
  "ci_95_low": 0.31227750000000004,
  "ci_95_high": 0.5040049999999999,
  "cold_mean": 0.4105,
  "warm_mean": 0.409375,
  "n_hands": 10000
}