{
  "study_agent": "full_modulation",
  "seed": 1,
  "pool_agent": "random",
  "chips_per_round": 1.6232,
  "ci_95_low": 1.5546975,
  "ci_95_high": 1.6898099999999998,
  "cold_mean": 1.6325,
  "warm_mean": 1.620875,
  "n_hands": 10000
}