{
  "study_agent": "finetuned_base",
  "seed": 1,
  "pool_agent": "cfr",
  "chips_per_round": -0.0249,
  "ci_95_low": -0.096715,
  "ci_95_high": 0.05310249999999999,
  "cold_mean": -0.064,
  "warm_mean": -0.015125,
  "n_hands": 10000
}