{
  "study_agent": "finetuned_base",
  "seed": 1,
  "pool_agent": "dqn",
  "chips_per_round": 0.5176,
  "ci_95_low": 0.43879250000000003,
  "ci_95_high": 0.6003099999999999,
  "cold_mean": 0.5005,
  "warm_mean": 0.521875,
  "n_hands": 10000
}