{
  "study_agent": "finetuned_base",
  "seed": 1,
  "pool_agent": "heuristic",
  "chips_per_round": 0.9166,
  "ci_95_low": 0.8086924999999999,
  "ci_95_high": 1.0251024999999998,
  "cold_mean": 0.986,
  "warm_mean": 0.89925,
  "n_hands": 10000
}