{
  "study_agent": "finetuned_base",
  "seed": 1,
  "pool_agent": "reinforce",
  "chips_per_round": 2.8151,
  "ci_95_low": 2.7229574999999997,
  "ci_95_high": 2.9035100000000003,
  "cold_mean": 2.7885,
  "warm_mean": 2.82175,
  "n_hands": 10000
}