{
  "study_agent": "finetuned_base",
  "seed": 1,
  "pool_agent": "reinforce_v2",
  "chips_per_round": 0.1786,
  "ci_95_low": 0.07309,
  "ci_95_high": 0.28430749999999994,
  "cold_mean": 0.1155,
  "warm_mean": 0.194375,
  "n_hands": 10000
}