{
  "value_based": {
    "agent": "value_based",
    "seed": null,
    "per_opponent": {
      "cfr": -0.06,
      "heuristic": 0.3054,
      "tight_passive": 0.217,
      "tight_aggressive": 0.0143,
      "loose_passive": 0.3639,
      "loose_aggressive": 0.8175,
      "maniac": 1.2506,
      "random": 1.4718,
      "adaptive_value": -0.1138,
      "opp_encoder_v1": -0.2593,
      "reinforce": 2.3776,
      "actor_critic": 1.1314,
      "dqn": 0.9654
    },
    "avg": 0.6524461538461538,
    "std": 0.7383141780855426,
    "robustness": -0.45502511328216,
    "worst_case": -0.2593,
    "n_opponents_evaluated": 13
  },
  "full_modulation_seed0": {
    "agent": "full_modulation",
    "seed": 0,
    "per_opponent": {
      "cfr": -0.0537,
      "heuristic": 0.3985,
      "tight_passive": 0.1499,
      "tight_aggressive": 0.1098,
      "loose_passive": 0.3844,
      "loose_aggressive": 1.0875,
      "maniac": 1.7611,
      "random": 1.5703,
      "adaptive_value": -0.0996,
      "opp_encoder_v1": -0.2852,
      "reinforce": 3.2344,
      "actor_critic": 1.1649,
      "dqn": 0.8714
    },
    "avg": 0.7918230769230769,
    "std": 0.9451125379908235,
    "robustness": -0.6258457300631585,
    "worst_case": -0.2852,
    "n_opponents_evaluated": 13
  },
  "full_modulation_seed1": {
    "agent": "full_modulation",
    "seed": 1,
    "per_opponent": {
      "cfr": -0.0625,
      "heuristic": 0.1359,
      "tight_passive": 0.1873,
      "tight_aggressive": 0.1119,
      "loose_passive": 0.4196,
      "loose_aggressive": 0.9218,
      "maniac": 1.5664,
      "random": 1.6232,
      "adaptive_value": -0.0505,
      "opp_encoder_v1": -0.2264,
      "reinforce": 3.2317,
      "actor_critic": 1.2384,
      "dqn": 0.9672
    },
    "avg": 0.7741538461538462,
    "std": 0.9347917395502384,
    "robustness": -0.6280337631715114,
    "worst_case": -0.2264,
    "n_opponents_evaluated": 13
  },
  "full_modulation_seed2": {
    "agent": "full_modulation",
    "seed": 2,
    "per_opponent": {
      "cfr": -0.0273,
      "heuristic": 0.2489,
      "tight_passive": 0.1074,
      "tight_aggressive": 0.1467,
      "loose_passive": 0.5125,
      "loose_aggressive": 0.987,
      "maniac": 1.6934,
      "random": 1.5615,
      "adaptive_value": -0.0986,
      "opp_encoder_v1": -0.2349,
      "reinforce": 3.2438,
      "actor_critic": 1.0304,
      "dqn": 0.8271
    },
    "avg": 0.7690692307692307,
    "std": 0.9315967651829885,
    "robustness": -0.6283259170052521,
    "worst_case": -0.2349,
    "n_opponents_evaluated": 13
  },
  "state_only_seed0": {
    "agent": "state_only",
    "seed": 0,
    "per_opponent": {
      "cfr": 0.23,
      "heuristic": 0.5063,
      "tight_passive": 0.233,
      "tight_aggressive": 0.1305,
      "loose_passive": 0.4278,
      "loose_aggressive": 1.0825,
      "maniac": 1.7001,
      "random": 1.556,
      "adaptive_value": -0.0353,
      "opp_encoder_v1": -0.2326,
      "reinforce": 3.2368,
      "actor_critic": 1.1884,
      "dqn": 0.7855
    },
    "avg": 0.8314615384615386,
    "std": 0.9038853812109497,
    "robustness": -0.524366533354886,
    "worst_case": -0.2326,
    "n_opponents_evaluated": 13
  },
  "state_only_seed1": {
    "agent": "state_only",
    "seed": 1,
    "per_opponent": {
      "cfr": -0.0186,
      "heuristic": -0.4,
      "tight_passive": 0.1449,
      "tight_aggressive": -0.0358,
      "loose_passive": 0.5555,
      "loose_aggressive": 0.9847,
      "maniac": 1.366,
      "random": 1.4371,
      "adaptive_value": -0.2127,
      "opp_encoder_v1": -0.346,
      "reinforce": 2.8048,
      "actor_critic": 1.0636,
      "dqn": 0.8214
    },
    "avg": 0.6280692307692308,
    "std": 0.8815079365100337,
    "robustness": -0.6941926739958197,
    "worst_case": -0.4,
    "n_opponents_evaluated": 13
  },
  "state_only_seed2": {
    "agent": "state_only",
    "seed": 2,
    "per_opponent": {
      "cfr": -0.0181,
      "heuristic": 0.4472,
      "tight_passive": 0.2653,
      "tight_aggressive": 0.3119,
      "loose_passive": 0.3748,
      "loose_aggressive": 1.1596,
      "maniac": 1.7252,
      "random": 1.4941,
      "adaptive_value": 0.024,
      "opp_encoder_v1": -0.2601,
      "reinforce": 3.2857,
      "actor_critic": 0.8897,
      "dqn": 0.8072
    },
    "avg": 0.8081923076923077,
    "std": 0.9147381360985973,
    "robustness": -0.5639148964555885,
    "worst_case": -0.2601,
    "n_opponents_evaluated": 13
  },
  "finetuned_base_seed0": {
    "agent": "finetuned_base",
    "seed": 0,
    "per_opponent": {
      "cfr": -0.0749,
      "heuristic": 0.7926,
      "tight_passive": 0.2942,
      "tight_aggressive": 0.372,
      "loose_passive": 0.3934,
      "loose_aggressive": 0.9808,
      "maniac": 1.7017,
      "random": 1.423,
      "adaptive_value": -0.1626,
      "opp_encoder_v1": -0.2438,
      "reinforce": 2.1172,
      "actor_critic": 0.8743,
      "dqn": 0.7727
    },
    "avg": 0.7108153846153845,
    "std": 0.6938036009465435,
    "robustness": -0.32989001680443064,
    "worst_case": -0.2438,
    "n_opponents_evaluated": 13
  },
  "finetuned_base_seed1": {
    "agent": "finetuned_base",
    "seed": 1,
    "per_opponent": {
      "cfr": -0.0249,
      "heuristic": 0.9166,
      "tight_passive": 0.3436,
      "tight_aggressive": 0.4807,
      "loose_passive": 0.205,
      "loose_aggressive": 0.9674,
      "maniac": 1.715,
      "random": 1.4829,
      "adaptive_value": -0.2882,
      "opp_encoder_v1": -0.1698,
      "reinforce": 2.8151,
      "actor_critic": 0.7777,
      "dqn": 0.5176
    },
    "avg": 0.7491307692307692,
    "std": 0.8284304300994701,
    "robustness": -0.493514875918436,
    "worst_case": -0.2882,
    "n_opponents_evaluated": 13
  },
  "finetuned_base_seed2": {
    "agent": "finetuned_base",
    "seed": 2,
    "per_opponent": {
      "cfr": -0.114,
      "heuristic": 0.8837,
      "tight_passive": 0.3717,
      "tight_aggressive": 0.4998,
      "loose_passive": 0.3053,
      "loose_aggressive": 1.1337,
      "maniac": 1.5575,
      "random": 1.5269,
      "adaptive_value": -0.0101,
      "opp_encoder_v1": -0.1133,
      "reinforce": 2.519,
      "actor_critic": 0.9059,
      "dqn": 0.7936
    },
    "avg": 0.7892076923076924,
    "std": 0.7353344487233615,
    "robustness": -0.3137939807773499,
    "worst_case": -0.114,
    "n_opponents_evaluated": 13
  },
  "gated_modulation_seed0": {
    "agent": "gated_modulation",
    "seed": 0,
    "per_opponent": {
      "cfr": -0.0576,
      "heuristic": 0.3494,
      "tight_passive": 0.1131,
      "tight_aggressive": 0.0266,
      "loose_passive": 0.3404,
      "loose_aggressive": 1.1449,
      "maniac": 1.5711,
      "random": 1.4785,
      "adaptive_value": -0.0809,
      "opp_encoder_v1": -0.2734,
      "reinforce": 3.0977,
      "actor_critic": 1.1376,
      "dqn": 0.8641
    },
    "avg": 0.7470384615384617,
    "std": 0.9065089049063756,
    "robustness": -0.6127248958211017,
    "worst_case": -0.2734,
    "n_opponents_evaluated": 13
  },
  "value_based_deep_seed0": {
    "agent": "value_based_deep",
    "seed": 0,
    "per_opponent": {
      "cfr": -0.0595,
      "heuristic": 0.3255,
      "tight_passive": 0.3529,
      "tight_aggressive": 0.2564,
      "loose_passive": 0.4395,
      "loose_aggressive": 0.9489,
      "maniac": 1.5486,
      "random": 1.3497,
      "adaptive_value": -0.0498,
      "opp_encoder_v1": -0.2155,
      "reinforce": 2.5229,
      "actor_critic": 0.7904,
      "dqn": 0.7163
    },
    "avg": 0.6866384615384616,
    "std": 0.7356742083479633,
    "robustness": -0.41687285098348326,
    "worst_case": -0.2155,
    "n_opponents_evaluated": 13
  },
  "value_based_deep_seed1": {
    "agent": "value_based_deep",
    "seed": 1,
    "per_opponent": {
      "cfr": -0.2153,
      "heuristic": 0.4436,
      "tight_passive": 0.1823,
      "tight_aggressive": 0.3703,
      "loose_passive": 0.3661,
      "loose_aggressive": 0.8337,
      "maniac": 1.266,
      "random": 1.3231,
      "adaptive_value": -0.08,