{
  "study_agent": "value_based_deep",
  "seed": 1,
  "pool_agent": "adaptive_value",
  "chips_per_round": -0.08,
  "ci_95_low": -0.14501499999999998,
  "ci_95_high": -0.010892500000000041,
  "cold_mean": -0.023,
  "warm_mean": -0.09425,
  "n_hands": 10000
}