{
  "study_agent": "value_based_deep",
  "seed": 1,
  "pool_agent": "cfr",
  "chips_per_round": -0.2153,
  "ci_95_low": -0.2863025,
  "ci_95_high": -0.14129250000000004,
  "cold_mean": -0.138,
  "warm_mean": -0.234625,
  "n_hands": 10000
}