{
  "study_agent": "value_based_deep",
  "seed": 1,
  "pool_agent": "maniac",
  "chips_per_round": 1.266,
  "ci_95_low": 1.1422825,
  "ci_95_high": 1.4017024999999999,
  "cold_mean": 1.3735,
  "warm_mean": 1.239125,
  "n_hands": 10000
}