{
  "study_agent": "value_based_pool",
  "seed": 1,
  "pool_agent": "dqn_v2",
  "chips_per_round": -0.1512,
  "ci_95_low": -0.23600249999999998,
  "ci_95_high": -0.06799250000000004,
  "cold_mean": 0.0025,
  "warm_mean": -0.189625,
  "n_hands": 10000
}