{
  "study_agent": "value_based_pool",
  "seed": 1,
  "pool_agent": "heuristic",
  "chips_per_round": 0.4797,
  "ci_95_low": 0.38029500000000005,
  "ci_95_high": 0.5769249999999998,
  "cold_mean": 0.469,
  "warm_mean": 0.482375,
  "n_hands": 10000
}