{
  "study_agent": "value_based_pool",
  "seed": 1,
  "pool_agent": "reinforce",
  "chips_per_round": 3.1261,
  "ci_95_low": 3.0290850000000002,
  "ci_95_high": 3.2194024999999997,
  "cold_mean": 3.2385,
  "warm_mean": 3.098,
  "n_hands": 10000
}