{
  "study_agent": "value_based_pool",
  "seed": 1,
  "pool_agent": "reinforce_v2",
  "chips_per_round": -0.1167,
  "ci_95_low": -0.215115,
  "ci_95_high": -0.021097500000000016,
  "cold_mean": 0.075,
  "warm_mean": -0.164625,
  "n_hands": 10000
}