{
  "study_agent": "finetuned_base_only",
  "seed": 0,
  "pool_agent": "cfr",
  "chips_per_round": -0.0655,
  "ci_95_low": -0.13940249999999998,
  "ci_95_high": 0.008119999999999891,
  "cold_mean": -0.156,
  "warm_mean": -0.042875,
  "n_hands": 10000
}