{
  "study_agent": "finetuned_base_only",
  "seed": 0,
  "pool_agent": "heuristic",
  "chips_per_round": 0.7244,
  "ci_95_low": 0.6209975,
  "ci_95_high": 0.8336349999999998,
  "cold_mean": 0.6435,
  "warm_mean": 0.744625,
  "n_hands": 10000
}