{
  "study_agent": "finetuned_base_only",
  "seed": 0,
  "pool_agent": "reinforce_v2",
  "chips_per_round": 0.2912,
  "ci_95_low": 0.19139499999999998,
  "ci_95_high": 0.3943074999999999,
  "cold_mean": 0.1895,
  "warm_mean": 0.316625,
  "n_hands": 10000
}