{
  "study_agent": "full_modulation",
  "seed": 2,
  "pool_agent": "cfr",
  "chips_per_round": -0.0273,
  "ci_95_low": -0.098805,
  "ci_95_high": 0.03920749999999996,
  "cold_mean": -0.0615,
  "warm_mean": -0.01875,
  "n_hands": 10000
}