{
  "study_agent": "full_modulation",
  "seed": 2,
  "pool_agent": "dqn_v3",
  "chips_per_round": 0.2471,
  "ci_95_low": 0.16599750000000002,
  "ci_95_high": 0.33041499999999996,
  "cold_mean": 0.423,
  "warm_mean": 0.203125,
  "n_hands": 10000
}