{
  "study_agent": "full_modulation",
  "seed": 2,
  "pool_agent": "dqn",
  "chips_per_round": 0.8271,
  "ci_95_low": 0.749875,
  "ci_95_high": 0.9013149999999999,
  "cold_mean": 0.905,
  "warm_mean": 0.807625,
  "n_hands": 10000
}