{
  "study_agent": "full_modulation",
  "seed": 2,
  "pool_agent": "tight_aggressive",
  "chips_per_round": 0.1467,
  "ci_95_low": 0.06469499999999999,
  "ci_95_high": 0.22480749999999997,
  "cold_mean": 0.157,
  "warm_mean": 0.144125,
  "n_hands": 10000
}