{
  "study_agent": "gated_modulation",
  "seed": 0,
  "pool_agent": "cfr",
  "chips_per_round": -0.0576,
  "ci_95_low": -0.1240025,
  "ci_95_high": 0.009904999999999973,
  "cold_mean": -0.126,
  "warm_mean": -0.0405,
  "n_hands": 10000
}