{
  "study_agent": "gated_modulation",
  "seed": 0,
  "pool_agent": "dqn",
  "chips_per_round": 0.8641,
  "ci_95_low": 0.7848975,
  "ci_95_high": 0.9396049999999999,
  "cold_mean": 0.9655,
  "warm_mean": 0.83875,
  "n_hands": 10000
}