{
  "study_agent": "gated_modulation",
  "seed": 0,
  "pool_agent": "heuristic",
  "chips_per_round": 0.3494,
  "ci_95_low": 0.26499500000000004,
  "ci_95_high": 0.446605,
  "cold_mean": 0.2665,
  "warm_mean": 0.370125,
  "n_hands": 10000
}