{
  "study_agent": "gated_modulation",
  "seed": 0,
  "pool_agent": "tight_passive",
  "chips_per_round": 0.1131,
  "ci_95_low": 0.06369000000000001,
  "ci_95_high": 0.16110249999999998,
  "cold_mean": 0.134,
  "warm_mean": 0.107875,
  "n_hands": 10000
}