{
  "study_agent": "reinforce_v2",
  "seed": 0,
  "pool_agent": "cfr",
  "chips_per_round": -0.0191,
  "ci_95_low": -0.117305,
  "ci_95_high": 0.07440499999999997,
  "cold_mean": 0.1135,
  "warm_mean": -0.05225,
  "n_hands": 10000
}