{
  "study_agent": "reinforce_v2",
  "seed": 0,
  "pool_agent": "heuristic",
  "chips_per_round": 0.7723,
  "ci_95_low": 0.663085,
  "ci_95_high": 0.8852149999999999,
  "cold_mean": 0.753,
  "warm_mean": 0.777125,
  "n_hands": 10000
}