{
  "study_agent": "reinforce_v2",
  "seed": 0,
  "pool_agent": "reinforce_v2",
  "chips_per_round": 0.0324,
  "ci_95_low": -0.082415,
  "ci_95_high": 0.14991249999999995,
  "cold_mean": -0.0845,
  "warm_mean": 0.061625,
  "n_hands": 10000
}