{
  "study_agent": "reinforce_v2",
  "seed": 0,
  "pool_agent": "tight_passive",
  "chips_per_round": 0.332,
  "ci_95_low": 0.2656975,
  "ci_95_high": 0.39940249999999994,
  "cold_mean": 0.3685,
  "warm_mean": 0.322875,
  "n_hands": 10000
}