{
  "study_agent": "dqn_v2",
  "seed": 2,
  "pool_agent": "actor_critic_v2",
  "chips_per_round": 0.3875,
  "ci_95_low": 0.2846875,
  "ci_95_high": 0.48950249999999995,
  "cold_mean": 0.4195,
  "warm_mean": 0.3795,
  "n_hands": 10000
}