{
  "study_agent": "dqn_v2",
  "seed": 2,
  "pool_agent": "heuristic",
  "chips_per_round": 0.6869,
  "ci_95_low": 0.584295,
  "ci_95_high": 0.7880199999999999,
  "cold_mean": 0.6975,
  "warm_mean": 0.68425,
  "n_hands": 10000
}