{
  "study_agent": "dqn_v2",
  "seed": 2,
  "pool_agent": "opp_encoder_v1",
  "chips_per_round": 0.162,
  "ci_95_low": 0.1021,
  "ci_95_high": 0.22251499999999994,
  "cold_mean": 0.1065,
  "warm_mean": 0.175875,
  "n_hands": 10000
}