{
  "study_agent": "dqn_v2",
  "seed": 2,
  "pool_agent": "tight_aggressive",
  "chips_per_round": 0.6153,
  "ci_95_low": 0.529895,
  "ci_95_high": 0.6980074999999999,
  "cold_mean": 0.656,
  "warm_mean": 0.605125,
  "n_hands": 10000
}