{
  "study_agent": "scratch_joint",
  "seed": 2,
  "pool_agent": "heuristic",
  "chips_per_round": 0.1163,
  "ci_95_low": 0.029597500000000002,
  "ci_95_high": 0.19990749999999996,
  "cold_mean": 0.159,
  "warm_mean": 0.105625,
  "n_hands": 10000
}