{
  "study_agent": "scratch_joint",
  "seed": 2,
  "pool_agent": "maniac",
  "chips_per_round": 1.232,
  "ci_95_low": 1.1092875,
  "ci_95_high": 1.3515349999999997,
  "cold_mean": 1.2325,
  "warm_mean": 1.231875,
  "n_hands": 10000
}