{
  "study_agent": "scratch_joint",
  "seed": 2,
  "pool_agent": "reinforce",
  "chips_per_round": 1.3487,
  "ci_95_low": 1.2661975,
  "ci_95_high": 1.4322074999999999,
  "cold_mean": 1.362,
  "warm_mean": 1.345375,
  "n_hands": 10000
}