{
  "study_agent": "scratch_joint",
  "seed": 2,
  "pool_agent": "tight_aggressive",
  "chips_per_round": 0.099,
  "ci_95_low": 0.033097499999999995,
  "ci_95_high": 0.16450499999999998,
  "cold_mean": 0.2485,
  "warm_mean": 0.061625,
  "n_hands": 10000
}