{
  "study_agent": "state_only",
  "seed": 2,
  "pool_agent": "actor_critic",
  "chips_per_round": 0.8897,
  "ci_95_low": 0.8209974999999999,
  "ci_95_high": 0.9617049999999999,
  "cold_mean": 0.8435,
  "warm_mean": 0.90125,
  "n_hands": 10000
}