{
  "study_agent": "state_only",
  "seed": 2,
  "pool_agent": "dqn",
  "chips_per_round": 0.8072,
  "ci_95_low": 0.733695,
  "ci_95_high": 0.8832174999999999,
  "cold_mean": 0.849,
  "warm_mean": 0.79675,
  "n_hands": 10000
}