{
  "study_agent": "state_only",
  "seed": 2,
  "pool_agent": "heuristic",
  "chips_per_round": 0.4472,
  "ci_95_low": 0.34809500000000004,
  "ci_95_high": 0.5414049999999999,
  "cold_mean": 0.377,
  "warm_mean": 0.46475,
  "n_hands": 10000
}