{
  "study_agent": "state_only",
  "seed": 2,
  "pool_agent": "reinforce_v2",
  "chips_per_round": 0.4904,
  "ci_95_low": 0.39279,
  "ci_95_high": 0.5849099999999999,
  "cold_mean": 0.5935,
  "warm_mean": 0.464625,
  "n_hands": 10000
}