{
  "study_agent": "state_only",
  "seed": 2,
  "pool_agent": "reinforce",
  "chips_per_round": 3.2857,
  "ci_95_low": 3.2076975,
  "ci_95_high": 3.3608199999999995,
  "cold_mean": 3.329,
  "warm_mean": 3.274875,
  "n_hands": 10000
}