{
  "study_agent": "state_only",
  "seed": 2,
  "pool_agent": "random",
  "chips_per_round": 1.4941,
  "ci_95_low": 1.4264975000000002,
  "ci_95_high": 1.5604075,
  "cold_mean": 1.405,
  "warm_mean": 1.516375,
  "n_hands": 10000
}