{
  "study_agent": "actor_critic_v3",
  "seed": 0,
  "pool_agent": "actor_critic_v3",
  "chips_per_round": 0.0626,
  "ci_95_low": -0.05903749999999999,
  "ci_95_high": 0.17930999999999994,
  "cold_mean": -0.117,
  "warm_mean": 0.1075,
  "n_hands": 10000
}