{
  "study_agent": "actor_critic_v3",
  "seed": 0,
  "pool_agent": "dqn_v2",
  "chips_per_round": -0.5591,
  "ci_95_low": -0.666305,
  "ci_95_high": -0.4552825000000001,
  "cold_mean": -0.515,
  "warm_mean": -0.570125,
  "n_hands": 10000
}