{
  "study_agent": "actor_critic_v3",
  "seed": 0,
  "pool_agent": "loose_aggressive",
  "chips_per_round": 0.2582,
  "ci_95_low": 0.1114975,
  "ci_95_high": 0.3983199999999999,
  "cold_mean": 0.3945,
  "warm_mean": 0.224125,
  "n_hands": 10000
}