{
  "study_agent": "actor_critic_v3",
  "seed": 0,
  "pool_agent": "loose_passive",
  "chips_per_round": 0.14,
  "ci_95_low": 0.0520925,
  "ci_95_high": 0.22440999999999994,
  "cold_mean": 0.1585,
  "warm_mean": 0.135375,
  "n_hands": 10000
}