{
  "study_agent": "actor_critic_v3",
  "seed": 0,
  "pool_agent": "reinforce_v2",
  "chips_per_round": -0.3631,
  "ci_95_low": -0.4752025,
  "ci_95_high": -0.24436750000000018,
  "cold_mean": -0.233,
  "warm_mean": -0.395625,
  "n_hands": 10000
}