{
  "study_agent": "actor_critic_v3",
  "seed": 0,
  "pool_agent": "reinforce_v3",
  "chips_per_round": -0.2184,
  "ci_95_low": -0.33043,
  "ci_95_high": -0.10467000000000017,
  "cold_mean": -0.3095,
  "warm_mean": -0.195625,
  "n_hands": 10000
}