{
  "study_agent": "actor_critic_v3",
  "seed": 0,
  "pool_agent": "tight_passive",
  "chips_per_round": -0.1491,
  "ci_95_low": -0.2056025,
  "ci_95_high": -0.09498750000000007,
  "cold_mean": -0.212,
  "warm_mean": -0.133375,
  "n_hands": 10000
}